Date,Oblast,GID_1,Scheduled_outages,Actual_outages,Subqueues,Emergency?
31.01.2026,Cherkasy,UKR.1_1,15.333333333333334,7.166666666666667,"3.2, 6.1",
31.01.2026,Dnipro,UKR.5_1,16.75,12.0,"5., 5.2",
31.01.2026,Ivano-Frankivsk,UKR.7_1,2.5,0.75,"3.2, 5.2",
31.01.2026,Kharkiv,UKR.8_1,16.5,2.0,6.2,
31.01.2026,Khmelnytskyi,UKR.10_1,15.5,1.25,"1.2, 6.2",
31.01.2026,Kyiv City,UKR.11_1,14.5,4.0,6.1,
31.01.2026,Kyiv Oblast,UKR.12_1,15.0,9.5,1.2,
31.01.2026,Lviv,UKR.14_1,1.0,2.75,"1.1, 6.1",
31.01.2026,Odesa,UKR.17_1,7.0,7.0,"4.2, 6.1",
31.01.2026,Poltava,UKR.18_1,13.0,17.5,1.1,
31.01.2026,Rivne,UKR.19_1,1.5,3.5,"2.1, 3.2",
31.01.2026,Vinnytsia,UKR.24_1,5.0,9.75,"1.2, 6.2",
31.01.2026,Volyn,UKR.25_1,0.0,2.5,6.2,
31.01.2026,Zakarpattia,UKR.23_1,2.75,3.0,"5.2, 6.1",
31.01.2026,Zhytomyr,UKR.27_1,7.25,0.75,"2.2, 5.2",
01.02.2026,Cherkasy,UKR.1_1,15.25,7.5,"3.2, 6.1",
01.02.2026,Dnipro,UKR.5_1,15.25,12.25,"5.1, 5.2",
01.02.2026,Ivano-Frankivsk,UKR.7_1,4.0,2.75,"3.2, 5.2",
01.02.2026,Kharkiv,UKR.8_1,8.5,12.0,"3.2, 6.2",
01.02.2026,Khmelnytskyi,UKR.10_1,14.5,3.0,"1.2, 6.2",
01.02.2026,Kyiv City,UKR.11_1,16.25,7.25,"5., 6.1",
01.02.2026,Kyiv Oblast,UKR.12_1,13.75,13.25,"1.1, 2.2",
01.02.2026,Lviv,UKR.14_1,3.5,3.5,"1.1, 6.1",
01.02.2026,Odesa,UKR.17_1,13.25,5.5,"4.2, 6.1",
01.02.2026,Poltava,UKR.18_1,13.0,12.25,"1.1, 2.2",
01.02.2026,Rivne,UKR.19_1,6.0,0.0,"2.1, 3.2",
01.02.2026,Vinnytsia,UKR.24_1,5.5,10.0,"1.2, 6.2",
01.02.2026,Volyn,UKR.25_1,6.5,6.5,6.2,
01.02.2026,Zakarpattia,UKR.23_1,4.25,1.0,"5.2, 6.1",
01.02.2026,Zhytomyr,UKR.27_1,8.0,0.0,"2.2, 5.2",
02.02.2026,Cherkasy,UKR.1_1,13.75,9.75,"3.2, 6.1",
02.02.2026,Dnipro,UKR.5_1,15.0,20.5,"5.1, 5.2",5.1
02.02.2026,Ivano-Frankivsk,UKR.7_1,1.5,0.5,"3.2, 5.2",
02.02.2026,Kharkiv,UKR.8_1,15.5,7.0,"3.2, 6.2",3.2
02.02.2026,Khmelnytskyi,UKR.10_1,14.0,0.0,"1.2, 6.2",
02.02.2026,Kyiv City,UKR.11_1,15.5,5.5,"5.1, 6.1",
02.02.2026,Kyiv Oblast,UKR.12_1,12.5,10.25,"1.1, 2.2",
02.02.2026,Lviv,UKR.14_1,0.0,0.0,"1.1, 6.1",
02.02.2026,Odesa,UKR.17_1,12.75,8.0,"4.2, 6.1",
02.02.2026,Poltava,UKR.18_1,13.0,13.5,"1.1, 2.2",
02.02.2026,Rivne,UKR.19_1,4.0,2.5,"2.2, 3.2",
02.02.2026,Vinnytsia,UKR.24_1,7.0,13.0,"1.2, 6.2",
02.02.2026,Volyn,UKR.25_1,5.0,0.0,6.2,
02.02.2026,Zakarpattia,UKR.23_1,3.25,0.0,"5.2, 6.1",
02.02.2026,Zhytomyr,UKR.27_1,8.0,1.0,"2.2, 5.2",
03.02.2026,Cherkasy,UKR.1_1,13.75,14.0,"3.2, 6.1",
03.02.2026,Dnipro,UKR.5_1,16.25,19.25,"5.1, 5.2",
03.02.2026,Ivano-Frankivsk,UKR.7_1,3.25,0.0,"3.2, 5.2",
03.02.2026,Kharkiv,UKR.8_1,15.5,9.25,"3.2, 6.2",
03.02.2026,Khmelnytskyi,UKR.10_1,15.0,3.25,"4.1, 6.2",
03.02.2026,Kyiv City,UKR.11_1,15.25,2.75,"5.1, 6.1",
03.02.2026,Kyiv Oblast,UKR.12_1,16.0,9.5,"1.1, 2.2",
03.02.2026,Lviv,UKR.14_1,3.5,0.0,"1.1, 6.1",
03.02.2026,Odesa,UKR.17_1,13.75,7.75,"4.2, 6.1",
03.02.2026,Poltava,UKR.18_1,10.0,17.25,"1.1, 2.2",
03.02.2026,Rivne,UKR.19_1,5.0,0.0,"2.2, 3.2",
03.02.2026,Vinnytsia,UKR.24_1,16.0,16.0,"1.2, 6.2",
03.02.2026,Volyn,UKR.25_1,0.0,1.0,6.2,
03.02.2026,Zakarpattia,UKR.23_1,5.0,0.5,"5.2, 6.1",
03.02.2026,Zhytomyr,UKR.27_1,9.25,3.25,"2.2, 5.2",
04.02.2026,Cherkasy,UKR.1_1,13.75,14.25,"3.2, 6.1",
04.02.2026,Dnipro,UKR.5_1,18.5,20.5,"5.1, 5.2",5.1
04.02.2026,Ivano-Frankivsk,UKR.7_1,4.0,0.25,"3.2, 5.2",
04.02.2026,Kharkiv,UKR.8_1,16.5,3.5,"3.2, 6.2",
04.02.2026,Khmelnytskyi,UKR.10_1,15.5,2.75,"4.1, 6.2",
04.02.2026,Kyiv City,UKR.11_1,15.5,10.0,"5.1, 6.1",
04.02.2026,Kyiv Oblast,UKR.12_1,14.75,10.25,"1.1, 2.2",
04.02.2026,Lviv,UKR.14_1,5.0,0.0,"1.1, 6.1",
04.02.2026,Odesa,UKR.17_1,17.0,7.0,"4.2, 6.1",
04.02.2026,Poltava,UKR.18_1,18.0,17.25,"1.1, 2.2",
04.02.2026,Rivne,UKR.19_1,6.0,1.0,"2.2, 3.2",
04.02.2026,Vinnytsia,UKR.24_1,15.5,15.0,"1.2, 6.2",
04.02.2026,Volyn,UKR.25_1,0.0,1.5,6.2,
04.02.2026,Zakarpattia,UKR.23_1,9.0,0.25,"5.2, 6.1",
04.02.2026,Zhytomyr,UKR.27_1,8.5,1.0,"2.2, 5.2",
05.02.2026,Cherkasy,UKR.1_1,14.0,12.25,"3.2, 6.1",
05.02.2026,Dnipro,UKR.5_1,18.0,20.0,"5.1, 5.2",5.1
05.02.2026,Ivano-Frankivsk,UKR.7_1,0.0,0.0,"3.2, 5.2",
05.02.2026,Kharkiv,UKR.8_1,15.5,13.0,"3.2, 6.2",
05.02.2026,Khmelnytskyi,UKR.10_1,15.5,3.0,"4.1, 6.2",
05.02.2026,Kyiv City,UKR.11_1,15.0,7.0,"5.1, 6.1",
05.02.2026,Kyiv Oblast,UKR.12_1,18.5,14.25,"1.1, 2.2",
05.02.2026,Lviv,UKR.14_1,0.0,2.5,"1.1, 6.1",
05.02.2026,Odesa,UKR.17_1,18.0,7.5,"4.2, 6.1",
05.02.2026,Poltava,UKR.18_1,19.5,16.5,"1.1, 2.2",
05.02.2026,Rivne,UKR.19_1,1.5,0.0,"2.2, 3.2",
05.02.2026,Vinnytsia,UKR.24_1,17.0,15.75,"1.2, 6.2",
05.02.2026,Volyn,UKR.25_1,0.0,0.0,6.2,
05.02.2026,Zakarpattia,UKR.23_1,2.0,0.0,"5.2, 6.1",
05.02.2026,Zhytomyr,UKR.27_1,8.5,2.0,"2.2, 5.2",
06.02.2026,Cherkasy,UKR.1_1,16.25,9.5,"3.2, 6.1",
06.02.2026,Dnipro,UKR.5_1,18.0,20.5,"5.1, 5.2",5.1
06.02.2026,Ivano-Frankivsk,UKR.7_1,0.0,0.0,"3.2, 5.2",
06.02.2026,Kharkiv,UKR.8_1,15.5,10.25,"3.2, 6.2",
06.02.2026,Khmelnytskyi,UKR.10_1,18.0,5.0,"4.1, 6.2",
06.02.2026,Kyiv City,UKR.11_1,16.75,7.5,"5.1, 6.1",
06.02.2026,Kyiv Oblast,UKR.12_1,18.5,17.0,"1.1, 2.2",
06.02.2026,Lviv,UKR.14_1,0.0,12.0,"1.1, 6.1",
06.02.2026,Odesa,UKR.17_1,17.0,6.0,"4.2, 6.1",
06.02.2026,Poltava,UKR.18_1,19.5,18.25,"1.1, 2.2",
06.02.2026,Rivne,UKR.19_1,0.0,0.0,"2.2, 3.2",
06.02.2026,Vinnytsia,UKR.24_1,18.0,16.0,"1.2, 6.2",
06.02.2026,Volyn,UKR.25_1,0.0,0.5,6.2,
06.02.2026,Zakarpattia,UKR.23_1,3.5,0.0,"5.2, 6.1",
06.02.2026,Zhytomyr,UKR.27_1,12.0,2.5,"2.2, 5.2",
07.02.2026,Cherkasy,UKR.1_1,16.5,6.75,"3.2, 6.1",
07.02.2026,Dnipro,UKR.5_1,19.0,18.75,"5.1, 5.2",5.1
07.02.2026,Ivano-Frankivsk,UKR.7_1,14.5,11.0,"3.2, 5.2",
07.02.2026,Kharkiv,UKR.8_1,15.5,5.25,"3.2, 6.2",
07.02.2026,Khmelnytskyi,UKR.10_1,18.0,9.0,"4.1, 6.2",
07.02.2026,Kyiv City,UKR.11_1,,11.5,"5.1, 6.1","5.1, 6.1"
07.02.2026,Kyiv Oblast,UKR.12_1,19.0,15.5,"1.1, 2.2",
07.02.2026,Lviv,UKR.14_1,10.5,7.75,"1.1, 6.1",
07.02.2026,Odesa,UKR.17_1,18.25,5.75,"4.2, 6.1",
07.02.2026,Poltava,UKR.18_1,19.75,15.75,"1.1, 2.2",
07.02.2026,Rivne,UKR.19_1,15.0,12.5,"2.2, 3.2",2.2
07.02.2026,Vinnytsia,UKR.24_1,17.5,18.5,"1.2, 6.2",
07.02.2026,Volyn,UKR.25_1,2.0,11.0,6.2,
07.02.2026,Zakarpattia,UKR.23_1,15.0,10.75,"5.2, 6.1",
07.02.2026,Zhytomyr,UKR.27_1,16.75,4.75,"2.2, 5.2",
08.02.2026,Cherkasy,UKR.1_1,,,,
08.02.2026,Dnipro,UKR.5_1,,,,
08.02.2026,Ivano-Frankivsk,UKR.7_1,,,,
08.02.2026,Kharkiv,UKR.8_1,,,,
08.02.2026,Khmelnytskyi,UKR.10_1,,,,
08.02.2026,Kyiv City,UKR.11_1,18.0,4.5,5.1,
08.02.2026,Kyiv Oblast,UKR.12_1,17.5,13.5,1.1,
08.02.2026,Lviv,UKR.14_1,,,,
08.02.2026,Odesa,UKR.17_1,,,,
08.02.2026,Poltava,UKR.18_1,,,,
08.02.2026,Rivne,UKR.19_1,,,,
08.02.2026,Vinnytsia,UKR.24_1,,,,
08.02.2026,Volyn,UKR.25_1,,,,
08.02.2026,Zakarpattia,UKR.23_1,,,,
08.02.2026,Zhytomyr,UKR.27_1,,,,
